SubjectName;FixationCount;FixationCountPerSec;FixationDurationMean;FixationDurationMedian;SaccadeRatio;SaccadeLengthAverage;TrialSequence;TrialID;TrialName;Column1;Snippet;Indentation;SubjectID
dny;289.0;3466059.0;166512000000000.0;125.0;577141000000000.0;2035668.0;0.0;7.0;Main8.jpg;;Main;Indent 8;deb2daed-9b19-4b16-8d73-19782d99f1be
dny;229.0;2755716.0;179707000000000.0;148.0;495223000000000.0;1920059.0;1.0;2.0;Do4.jpg;;Do;Indent 4;deb2daed-9b19-4b16-8d73-19782d99f1be
dny;281.0;2915815.0;18647000000000.0;135.0;543711000000000.0;1856737.0;2.0;8.0;Program0.jpg;;Program;Indent 0;deb2daed-9b19-4b16-8d73-19782d99f1be
dny;325.0;3270045.0;188178000000000.0;137.0;615352000000000.0;1614525.0;3.0;13.0;Test2.jpg;;Test;Indent 2;deb2daed-9b19-4b16-8d73-19782d99f1be
dry;434.0;3488606.0;185645000000000.0;151.0;647643000000000.0;1156474.0;0.0;10.0;Program4.jpg;;Program;Indent 4;83f51366-0cb7-42d4-8272-6c42d820419d
dry;494.0;3381662.0;184038000000000.0;150.0;622356000000000.0;113485.0;1.0;7.0;Main8.jpg;;Main;Indent 8;83f51366-0cb7-42d4-8272-6c42d820419d
dry;403.0;3683426.0;17160800000000.0;135.0;632105000000000.0;1252785.0;2.0;12.0;Test0.jpg;;Test;Indent 0;83f51366-0cb7-42d4-8272-6c42d820419d
dry;340.0;3521455.0;196588000000000.0;1625.0;692277000000000.0;1264742.0;3.0;1.0;Do2.jpg;;Do;Indent 2;83f51366-0cb7-42d4-8272-6c42d820419d
dy;270.0;2975797.0;263304000000000.0;2095.0;783538000000000.0;1597534.0;0.0;13.0;Test2.jpg;;Test;Indent 2;08ca789b-fdb3-466d-97ff-986de9d1b8c8
dy;343.0;3012789.0;257344000000000.0;209.0;775323000000000.0;1552022.0;1.0;4.0;Main0.jpg;;Main;Indent 0;08ca789b-fdb3-466d-97ff-986de9d1b8c8
dy;384.0;2865608.0;276076000000000.0;225.0;791124000000000.0;1452924.0;2.0;10.0;Program4.jpg;;Program;Indent 4;08ca789b-fdb3-466d-97ff-986de9d1b8c8
dy;300.0;3175578.0;25575.0;2235.0;812154000000000.0;1587745.0;3.0;3.0;Do8.jpg;;Do;Indent 8;08ca789b-fdb3-466d-97ff-986de9d1b8c8
ej;119.0;9050255.0;16672300000000.0;91.0;150888000000000.0;1831727.0;0.0;0.0;Do0.jpg;;Do;Indent 0;0b38aa57-8d66-46be-bfb8-573ab548703a
ej;155.0;1041282.0;181432000000000.0;153.0;188922000000000.0;1364675.0;1.0;15.0;Test8.jpg;;Test;Indent 8;0b38aa57-8d66-46be-bfb8-573ab548703a
ej;219.0;9629844.0;173543000000000.0;122.0;167120000000000.0;1964004.0;2.0;5.0;Main2.jpg;;Main;Indent 2;0b38aa57-8d66-46be-bfb8-573ab548703a
ej;284.0;1173515.0;267835000000000.0;150.0;314308000000000.0;1318724.0;3.0;10.0;Program4.jpg;;Program;Indent 4;0b38aa57-8d66-46be-bfb8-573ab548703a
ejj;217.0;3341392.0;211590000000000.0;151.0;707005000000000.0;1571013.0;0.0;15.0;Test8.jpg;;Test;Indent 8;963b71f8-bc8c-426b-a943-f899fb83dac9
ejj;313.0;3391373.0;219776000000000.0;180.0;745344000000000.0;1342719.0;1.0;10.0;Program4.jpg;;Program;Indent 4;963b71f8-bc8c-426b-a943-f899fb83dac9
ejj;315.0;3414153.0;218416000000000.0;179.0;745705000000000.0;1277237.0;2.0;1.0;Do2.jpg;;Do;Indent 2;963b71f8-bc8c-426b-a943-f899fb83dac9
ejj;421.0;3697978.0;200501000000000.0;165.0;741449000000000.0;1327231.0;3.0;4.0;Main0.jpg;;Main;Indent 0;963b71f8-bc8c-426b-a943-f899fb83dac9
erj;328.0;3634953.0;176159000000000.0;1485.0;640328000000000.0;155198.0;0.0;2.0;Do4.jpg;;Do;Indent 4;e2f1a12c-0c6c-4377-9cb3-7900e161543e
erj;192.0;2906493.0;240661000000000.0;152.0;699481000000000.0;1625059.0;1.0;9.0;Program2.jpg;;Program;Indent 2;e2f1a12c-0c6c-4377-9cb3-7900e161543e
erj;321.0;3769685.0;177393000000000.0;149.0;668714000000000.0;1578018.0;2.0;4.0;Main0.jpg;;Main;Indent 0;e2f1a12c-0c6c-4377-9cb3-7900e161543e
erj;197.0;3974018.0;172198000000000.0;135.0;684318000000000.0;1537589.0;3.0;15.0;Test8.jpg;;Test;Indent 8;e2f1a12c-0c6c-4377-9cb3-7900e161543e
gdp;392.0;2802863.0;255439000000000.0;1945.0;715960000000000.0;1565889.0;0.0;14.0;Test4.jpg;;Test;Indent 4;9c9cac0d-637b-47b6-970a-3d7891597082
gdp;433.0;3055428.0;235492000000000.0;193.0;719529000000000.0;1626485.0;1.0;5.0;Main2.jpg;;Main;Indent 2;9c9cac0d-637b-47b6-970a-3d7891597082
gdp;588.0;2868741.0;25152400000000.0;207.0;721557000000000.0;1546242.0;2.0;11.0;Program8.jpg;;Program;Indent 8;9c9cac0d-637b-47b6-970a-3d7891597082
gdp;807.0;2970461.0;23515400000000.0;182.0;698515000000000.0;1572935.0;3.0;0.0;Do0.jpg;;Do;Indent 0;9c9cac0d-637b-47b6-970a-3d7891597082
gp;404.0;319886.0;239879000000000.0;194.0;767338000000000.0;1068817.0;0.0;2.0;Do4.jpg;;Do;Indent 4;2a020c38-c194-4a9e-9c74-d20a3c303cec
gp;477.0;3674205.0;196411000000000.0;174.0;72165400000000.0;1209294.0;1.0;12.0;Test0.jpg;;Test;Indent 0;2a020c38-c194-4a9e-9c74-d20a3c303cec
gp;681.0;3251745.0;229978000000000.0;181.0;747830000000000.0;1163261.0;2.0;11.0;Program8.jpg;;Program;Indent 8;2a020c38-c194-4a9e-9c74-d20a3c303cec
gp;860.0;3460806.0;207697000000000.0;166.0;718797000000000.0;1494369.0;3.0;5.0;Main2.jpg;;Main;Indent 2;2a020c38-c194-4a9e-9c74-d20a3c303cec
gpp;305.0;3437278.0;205384000000000.0;163.0;705961000000000.0;1623934.0;0.0;14.0;Test4.jpg;;Test;Indent 4;e3bb0a72-d1e9-432f-af9c-bd1d7944d62c
gpp;197.0;3405535.0;206396000000000.0;180.0;702889000000000.0;1468966.0;1.0;1.0;Do2.jpg;;Do;Indent 2;e3bb0a72-d1e9-432f-af9c-bd1d7944d62c
gpp;357.0;3589347.0;188199000000000.0;151.0;675511000000000.0;1749731.0;2.0;4.0;Main0.jpg;;Main;Indent 0;e3bb0a72-d1e9-432f-af9c-bd1d7944d62c
gpp;310.0;3453269.0;227445000000000.0;179.0;785429000000000.0;1419122.0;3.0;11.0;Program8.jpg;;Program;Indent 8;e3bb0a72-d1e9-432f-af9c-bd1d7944d62c
jjo;537.0;330366.0;219149000000000.0;181.0;723994000000000.0;1364177.0;0.0;5.0;Main2.jpg;;Main;Indent 2;a4cd1a8d-df39-4a5d-ba15-cf2fdcd27948
jjo;476.0;3198001.0;229729000000000.0;1855.0;734673000000000.0;1444196.0;1.0;15.0;Test8.jpg;;Test;Indent 8;a4cd1a8d-df39-4a5d-ba15-cf2fdcd27948
jjo;340.0;2880965.0;242324000000000.0;182.0;698126000000000.0;1458076.0;2.0;0.0;Do0.jpg;;Do;Indent 0;a4cd1a8d-df39-4a5d-ba15-cf2fdcd27948
jjo;542.0;3123127.0;248048000000000.0;194.0;774685000000000.0;1211065.0;3.0;10.0;Program4.jpg;;Program;Indent 4;a4cd1a8d-df39-4a5d-ba15-cf2fdcd27948
jmo;258.0;3350214.0;202884000000000.0;151.0;679704000000000.0;1254924.0;0.0;13.0;Test2.jpg;;Test;Indent 2;e57e7136-95f1-44fc-9fd9-e5f805081140
jmo;381.0;3424134.0;188073000000000.0;163.0;643989000000000.0;1523509.0;1.0;4.0;Main0.jpg;;Main;Indent 0;e57e7136-95f1-44fc-9fd9-e5f805081140
jmo;370.0;3364921.0;212508000000000.0;163.0;715073000000000.0;1366232.0;2.0;10.0;Program4.jpg;;Program;Indent 4;e57e7136-95f1-44fc-9fd9-e5f805081140
jmo;351.0;3658079.0;198607000000000.0;164.0;726520000000000.0;1318025.0;3.0;3.0;Do8.jpg;;Do;Indent 8;e57e7136-95f1-44fc-9fd9-e5f805081140
jo;342.0;3762501.0;191675000000000.0;168.0;721179000000000.0;1215649.0;0.0;9.0;Program2.jpg;;Program;Indent 2;2d5a163b-7255-40f4-a466-fda7fda39b57
jo;400.0;3902782.0;185585.0;163.0;724298000000000.0;1352043.0;1.0;7.0;Main8.jpg;;Main;Indent 8;2d5a163b-7255-40f4-a466-fda7fda39b57
jo;365.0;3953468.0;181808000000000.0;162.0;718773000000000.0;1296586.0;2.0;12.0;Test0.jpg;;Test;Indent 0;2d5a163b-7255-40f4-a466-fda7fda39b57
jo;589.0;3942516.0;186355000000000.0;168.0;734707000000000.0;1322095.0;3.0;2.0;Do4.jpg;;Do;Indent 4;2d5a163b-7255-40f4-a466-fda7fda39b57
kkp;104.0;1152125.0;224404000000000.0;1355.0;258541000000000.0;1730606.0;0.0;15.0;Test8.jpg;;Test;Indent 8;a8274994-925c-4bf4-bfee-6a2318a0ae79
kkp;166.0;1366289.0;200127000000000.0;106.0;273431000000000.0;2055061.0;1.0;4.0;Main0.jpg;;Main;Indent 0;a8274994-925c-4bf4-bfee-6a2318a0ae79
kkp;113.0;107946.0;289655000000000.0;134.0;312671000000000.0;146069.0;2.0;9.0;Program2.jpg;;Program;Indent 2;a8274994-925c-4bf4-bfee-6a2318a0ae79
kkp;73.0;1060045.0;283205000000000.0;120.0;300211000000000.0;1486432.0;3.0;2.0;Do4.jpg;;Do;Indent 4;a8274994-925c-4bf4-bfee-6a2318a0ae79
kp;229.0;1806592.0;1547900000000.0;118.0;279643000000000.0;1520976.0;0.0;0.0;Do0.jpg;;Do;Indent 0;340b02c1-6d18-472e-a606-6691e455637d
kp;22.0;1381163.0;158545000000000.0;905.0;218977000000000.0;1525397.0;1.0;10.0;Program4.jpg;;Program;Indent 4;340b02c1-6d18-472e-a606-6691e455637d
kp;40.0;2710541.0;160975.0;1485.0;43632900000000.0;1927261.0;2.0;7.0;Main8.jpg;;Main;Indent 8;340b02c1-6d18-472e-a606-6691e455637d
kp;4.0;2314815.0;129.0;112.0;298611000000000.0;1310101.0;3.0;13.0;Test2.jpg;;Test;Indent 2;340b02c1-6d18-472e-a606-6691e455637d
kyp;399.0;3309693.0;212805000000000.0;150.0;704318000000000.0;1068972.0;0.0;13.0;Test2.jpg;;Test;Indent 2;f8097b81-451a-4674-8e3c-a9bef6d6e763
kyp;371.0;3228698.0;190765000000000.0;150.0;615924000000000.0;1103542.0;1.0;4.0;Main0.jpg;;Main;Indent 0;f8097b81-451a-4674-8e3c-a9bef6d6e763
kyp;327.0;2990781.0;233841000000000.0;165.0;699367000000000.0;1056516.0;2.0;10.0;Program4.jpg;;Program;Indent 4;f8097b81-451a-4674-8e3c-a9bef6d6e763
kyp;409.0;3187767.0;224513000000000.0;163.0;715696000000000.0;1094272.0;3.0;3.0;Do8.jpg;;Do;Indent 8;f8097b81-451a-4674-8e3c-a9bef6d6e763
lg;160.0;2996311.0;178675.0;1635.0;535366000000000.0;2284599.0;0.0;14.0;Test4.jpg;;Test;Indent 4;3432f575-9d7d-4600-a52b-cf682c33c2d7
lg;143.0;3302312.0;174035000000000.0;135.0;574718000000000.0;1718094.0;1.0;8.0;Program0.jpg;;Program;Indent 0;3432f575-9d7d-4600-a52b-cf682c33c2d7
lg;296.0;3314707.0;165902000000000.0;135.0;549917000000000.0;1702695.0;2.0;1.0;Do2.jpg;;Do;Indent 2;3432f575-9d7d-4600-a52b-cf682c33c2d7
lg;256.0;3487691.0;146921875.0;121.0;512418000000000.0;1617254.0;3.0;7.0;Main8.jpg;;Main;Indent 8;3432f575-9d7d-4600-a52b-cf682c33c2d7
llg;315.0;3072002.0;223778000000000.0;194.0;687446000000000.0;1331323.0;0.0;4.0;Main0.jpg;;Main;Indent 0;afec3d90-808c-4c50-b759-535754388ceb
llg;207.0;3111706.0;220217000000000.0;165.0;685252000000000.0;129889.0;1.0;3.0;Do8.jpg;;Do;Indent 8;afec3d90-808c-4c50-b759-535754388ceb
llg;232.0;2951203.0;241078000000000.0;194.0;711469000000000.0;135632.0;2.0;14.0;Test4.jpg;;Test;Indent 4;afec3d90-808c-4c50-b759-535754388ceb
llg;316.0;2915102.0;266848000000000.0;197.0;777890000000000.0;1207676.0;3.0;9.0;Program2.jpg;;Program;Indent 2;afec3d90-808c-4c50-b759-535754388ceb
mdg;398.0;389917.0;152611000000000.0;135.0;595055000000000.0;1546223.0;0.0;9.0;Program2.jpg;;Program;Indent 2;b2086a14-44bf-4a26-8261-f2679230b9a8
mdg;400.0;3753296.0;151775.0;135.0;569656000000000.0;1783768.0;1.0;4.0;Main0.jpg;;Main;Indent 0;b2086a14-44bf-4a26-8261-f2679230b9a8
mdg;379.0;3837198.0;159462000000000.0;136.0;611886000000000.0;1702269.0;2.0;14.0;Test4.jpg;;Test;Indent 4;b2086a14-44bf-4a26-8261-f2679230b9a8
mdg;267.0;3643161.0;168270000000000.0;135.0;613034000000000.0;1583909.0;3.0;3.0;Do8.jpg;;Do;Indent 8;b2086a14-44bf-4a26-8261-f2679230b9a8
mg;511.0;3297945.0;213450000000000.0;151.0;703947000000000.0;1179519.0;0.0;13.0;Test2.jpg;;Test;Indent 2;37fa1096-5dfd-4de0-95c5-7faf8e02f999
mg;649.0;3452293.0;195968000000000.0;161.0;676538000000000.0;1245917.0;1.0;4.0;Main0.jpg;;Main;Indent 0;37fa1096-5dfd-4de0-95c5-7faf8e02f999
mg;797.0;3325489.0;214274000000000.0;164.0;712564000000000.0;1016858.0;2.0;10.0;Program4.jpg;;Program;Indent 4;37fa1096-5dfd-4de0-95c5-7faf8e02f999
mg;1050.0;3457393.0;21748400000000.0;179.0;751927000000000.0;1072081.0;3.0;3.0;Do8.jpg;;Do;Indent 8;37fa1096-5dfd-4de0-95c5-7faf8e02f999
nly;267.0;3896786.0;143989000000000.0;119.0;561093000000000.0;1168119.0;0.0;13.0;Test2.jpg;;Test;Indent 2;b382cb61-c4bb-45b9-a314-c4f74187715a
nly;438.0;3456494.0;148132000000000.0;118.0;512019000000000.0;1651059.0;1.0;4.0;Main0.jpg;;Main;Indent 0;b382cb61-c4bb-45b9-a314-c4f74187715a
nly;187.0;3551959.0;155968000000000.0;119.0;553992000000000.0;1442682.0;2.0;10.0;Program4.jpg;;Program;Indent 4;b382cb61-c4bb-45b9-a314-c4f74187715a
nly;363.0;3679004.0;175094000000000.0;137.0;644170000000000.0;1328856.0;3.0;3.0;Do8.jpg;;Do;Indent 8;b382cb61-c4bb-45b9-a314-c4f74187715a
ny;212.0;3695054.0;173514000000000.0;150.0;641144000000000.0;1537634.0;0.0;0.0;Do0.jpg;;Do;Indent 0;3a03db20-3ac0-4220-8a6f-ebb73f052032
ny;211.0;3424324.0;194242000000000.0;148.0;665147000000000.0;1376112.0;1.0;9.0;Program2.jpg;;Program;Indent 2;3a03db20-3ac0-4220-8a6f-ebb73f052032
ny;291.0;3873905.0;154495000000000.0;136.0;598498000000000.0;1424765.0;2.0;6.0;Main4.jpg;;Main;Indent 4;3a03db20-3ac0-4220-8a6f-ebb73f052032
ny;203.0;3723131.0;167355000000000.0;148.0;623083000000000.0;1683597.0;3.0;15.0;Test8.jpg;;Test;Indent 8;3a03db20-3ac0-4220-8a6f-ebb73f052032
olw;462.0;3512106.0;209407000000000.0;171.0;735459000000000.0;1168553.0;0.0;13.0;Test2.jpg;;Test;Indent 2;b5ae633c-2a0f-4be2-b750-98e1f55cdade
olw;508.0;3462566.0;211419000000000.0;152.0;732053000000000.0;1168038.0;1.0;4.0;Main0.jpg;;Main;Indent 0;b5ae633c-2a0f-4be2-b750-98e1f55cdade
olw;324.0;3095472.0;22979000000000.0;1645.0;711309000000000.0;1238006.0;2.0;10.0;Program4.jpg;;Program;Indent 4;b5ae633c-2a0f-4be2-b750-98e1f55cdade
olw;333.0;3703333.0;209135000000000.0;162.0;774497000000000.0;1070033.0;3.0;3.0;Do8.jpg;;Do;Indent 8;b5ae633c-2a0f-4be2-b750-98e1f55cdade
ow;260.0;3787162.0;181465000000000.0;1495.0;687239000000000.0;1110712.0;0.0;13.0;Test2.jpg;;Test;Indent 2;3bf46f0d-cd2a-4b1a-aff9-a2859b4fc191
ow;479.0;3844425.0;183079000000000.0;148.0;703835000000000.0;1218214.0;1.0;4.0;Main0.jpg;;Main;Indent 0;3bf46f0d-cd2a-4b1a-aff9-a2859b4fc191
ow;256.0;3478261.0;21022265625.0;150.0;731209000000000.0;109368.0;2.0;10.0;Program4.jpg;;Program;Indent 4;3bf46f0d-cd2a-4b1a-aff9-a2859b4fc191
ow;245.0;4012184.0;188665000000000.0;164.0;75696000000000.0;9874747.0;3.0;3.0;Do8.jpg;;Do;Indent 8;3bf46f0d-cd2a-4b1a-aff9-a2859b4fc191
pjv;162.0;2738522.0;194191000000000.0;149.0;531797000000000.0;1124897.0;0.0;13.0;Test2.jpg;;Test;Indent 2;b76a6815-227b-44ba-8df1-66ffc969d6f6
pjv;378.0;3210627.0;169050000000000.0;1245.0;542757000000000.0;1559436.0;1.0;4.0;Main0.jpg;;Main;Indent 0;b76a6815-227b-44ba-8df1-66ffc969d6f6
pjv;341.0;3019516.0;175733000000000.0;135.0;530629000000000.0;1193577.0;2.0;10.0;Program4.jpg;;Program;Indent 4;b76a6815-227b-44ba-8df1-66ffc969d6f6
pjv;253.0;2616664.0;172704000000000.0;120.0;451907000000000.0;1163538.0;3.0;3.0;Do8.jpg;;Do;Indent 8;b76a6815-227b-44ba-8df1-66ffc969d6f6
pv;201.0;3414419.0;186607000000000.0;151.0;637154000000000.0;1254434.0;0.0;13.0;Test2.jpg;;Test;Indent 2;43976856-0666-41bc-bd2a-a8f396ef561c
pv;538.0;3552304.0;19560800000000.0;165.0;694858000000000.0;1287326.0;1.0;4.0;Main0.jpg;;Main;Indent 0;43976856-0666-41bc-bd2a-a8f396ef561c
pv;268.0;2824918.0;23119800000000.0;1655.0;653115000000000.0;1161138.0;2.0;10.0;Program4.jpg;;Program;Indent 4;43976856-0666-41bc-bd2a-a8f396ef561c
pv;189.0;3363588.0;188984000000000.0;147.0;635665000000000.0;1084448.0;3.0;3.0;Do8.jpg;;Do;Indent 8;43976856-0666-41bc-bd2a-a8f396ef561c
qoz;263.0;3546577.0;196167000000000.0;164.0;695723000000000.0;1378702.0;0.0;13.0;Test2.jpg;;Test;Indent 2;b8fecf79-c297-44f6-9354-bed8bca51fee
qoz;612.0;3639348.0;184721000000000.0;164.0;67226200000000.0;1640993.0;1.0;4.0;Main0.jpg;;Main;Indent 0;b8fecf79-c297-44f6-9354-bed8bca51fee
qoz;363.0;3645091.0;196691000000000.0;168.0;716958000000000.0;1332005.0;2.0;10.0;Program4.jpg;;Program;Indent 4;b8fecf79-c297-44f6-9354-bed8bca51fee
qoz;441.0;3650088.0;205283000000000.0;175.0;749303000000000.0;1248908.0;3.0;3.0;Do8.jpg;;Do;Indent 8;b8fecf79-c297-44f6-9354-bed8bca51fee
qz;263.0;3476767.0;198426000000000.0;178.0;689880000000000.0;1240129.0;0.0;13.0;Test2.jpg;;Test;Indent 2;43b0c8d4-67e3-4cbd-b469-7c75d69c0d5d
qz;308.0;3591753.0;195705000000000.0;1675.0;702922000000000.0;1333387.0;1.0;8.0;Program0.jpg;;Program;Indent 0;43b0c8d4-67e3-4cbd-b469-7c75d69c0d5d
qz;325.0;3314534.0;197391000000000.0;167.0;654258000000000.0;142933.0;2.0;6.0;Main4.jpg;;Main;Indent 4;43b0c8d4-67e3-4cbd-b469-7c75d69c0d5d
qz;288.0;3449184.0;210917000000000.0;180.0;727490000000000.0;1250768.0;3.0;3.0;Do8.jpg;;Do;Indent 8;43b0c8d4-67e3-4cbd-b469-7c75d69c0d5d
rm;284.0;3549689.0;178028000000000.0;134.0;631945000000000.0;1256757.0;0.0;13.0;Test2.jpg;;Test;Indent 2;4ae1494b-c720-45b5-9359-5c5fff06c0d6
rm;551.0;3732304.0;177452000000000.0;150.0;662304000000000.0;1239204.0;1.0;4.0;Main0.jpg;;Main;Indent 0;4ae1494b-c720-45b5-9359-5c5fff06c0d6
rm;457.0;3612962.0;192731000000000.0;150.0;696329000000000.0;1032127.0;2.0;10.0;Program4.jpg;;Program;Indent 4;4ae1494b-c720-45b5-9359-5c5fff06c0d6
rm;401.0;3653592.0;18256600000000.0;150.0;667022000000000.0;1177512.0;3.0;3.0;Do8.jpg;;Do;Indent 8;4ae1494b-c720-45b5-9359-5c5fff06c0d6
rom;334.0;2804766.0;173647000000000.0;1325.0;487038000000000.0;1359594.0;0.0;6.0;Main4.jpg;;Main;Indent 4;bc09646b-dfee-4aac-8918-eee34b72ef2b
rom;435.0;3291415.0;181867000000000.0;134.0;598599000000000.0;121481.0;1.0;3.0;Do8.jpg;;Do;Indent 8;bc09646b-dfee-4aac-8918-eee34b72ef2b
rom;315.0;3284911.0;197067000000000.0;149.0;647347000000000.0;1150733.0;2.0;12.0;Test0.jpg;;Test;Indent 0;bc09646b-dfee-4aac-8918-eee34b72ef2b
rom;406.0;3358286.0;184461000000000.0;1205.0;619471000000000.0;1195297.0;3.0;9.0;Program2.jpg;;Program;Indent 2;bc09646b-dfee-4aac-8918-eee34b72ef2b
vrx;194.0;3853947.0;160361000000000.0;1445.0;618022000000000.0;1680994.0;0.0;8.0;Program0.jpg;;Program;Indent 0;c74c0869-2b12-4c27-9d7e-9fd793d66ef7
vrx;212.0;351226.0;157193000000000.0;1355.0;552104000000000.0;176677.0;1.0;5.0;Main2.jpg;;Main;Indent 2;c74c0869-2b12-4c27-9d7e-9fd793d66ef7
vrx;208.0;3803533.0;147861000000000.0;1285.0;562393000000000.0;168491.0;2.0;15.0;Test8.jpg;;Test;Indent 8;c74c0869-2b12-4c27-9d7e-9fd793d66ef7
vrx;170.0;3735525.0;172935000000000.0;1485.0;64600400000000.0;136474.0;3.0;2.0;Do4.jpg;;Do;Indent 4;c74c0869-2b12-4c27-9d7e-9fd793d66ef7
vx;255.0;3429678.0;191906000000000.0;162.0;658175000000000.0;1335956.0;0.0;13.0;Test2.jpg;;Test;Indent 2;54ba2190-4790-4a18-904a-ad793e801388
vx;624.0;3681785.0;175236000000000.0;150.0;645180000000000.0;146777.0;1.0;4.0;Main0.jpg;;Main;Indent 0;54ba2190-4790-4a18-904a-ad793e801388
vx;391.0;3496191.0;182645000000000.0;154.0;638560000000000.0;1358069.0;2.0;10.0;Program4.jpg;;Program;Indent 4;54ba2190-4790-4a18-904a-ad793e801388
vx;325.0;3638562.0;172523000000000.0;149.0;627736000000000.0;1329509.0;3.0;3.0;Do8.jpg;;Do;Indent 8;54ba2190-4790-4a18-904a-ad793e801388
wnp;329.0;3200638.0;16638900000000.0;134.0;532551000000000.0;1366445.0;0.0;13.0;Test2.jpg;;Test;Indent 2;d098b2cc-b54c-42aa-bc09-908e2dbbbaf3
wnp;485.0;2955533.0;170130000000000.0;135.0;502825000000000.0;1387111.0;1.0;4.0;Main0.jpg;;Main;Indent 0;d098b2cc-b54c-42aa-bc09-908e2dbbbaf3
wnp;424.0;257191.0;164752000000000.0;122.0;423728000000000.0;1271172.0;2.0;10.0;Program4.jpg;;Program;Indent 4;d098b2cc-b54c-42aa-bc09-908e2dbbbaf3
wnp;510.0;3139795.0;157104000000000.0;119.0;493274000000000.0;1079567.0;3.0;3.0;Do8.jpg;;Do;Indent 8;d098b2cc-b54c-42aa-bc09-908e2dbbbaf3
wp;324.0;3711383.0;173824000000000.0;135.0;645128000000000.0;1245208.0;0.0;13.0;Test2.jpg;;Test;Indent 2;58b0e895-0a15-4387-9e7c-061fb5cbdf20
wp;428.0;3406179.0;179236000000000.0;150.0;610510000000000.0;1339219.0;1.0;4.0;Main0.jpg;;Main;Indent 0;58b0e895-0a15-4387-9e7c-061fb5cbdf20
wp;269.0;3086137.0;237309000000000.0;165.0;732367000000000.0;1158661.0;2.0;10.0;Program4.jpg;;Program;Indent 4;58b0e895-0a15-4387-9e7c-061fb5cbdf20
wp;182.0;3290128.0;22078000000000.0;180.0;726395000000000.0;1014822.0;3.0;3.0;Do8.jpg;;Do;Indent 8;58b0e895-0a15-4387-9e7c-061fb5cbdf20
xk;594.0;3411519.0;196692000000000.0;164.0;671018000000000.0;1295459.0;0.0;6.0;Main4.jpg;;Main;Indent 4;657cdd6f-3b1b-4211-95cf-e6b348f17525
xk;283.0;3652791.0;183290000000000.0;149.0;669519000000000.0;1421509.0;1.0;9.0;Program2.jpg;;Program;Indent 2;657cdd6f-3b1b-4211-95cf-e6b348f17525
xk;255.0;3596564.0;201357000000000.0;152.0;724193000000000.0;1139964.0;2.0;15.0;Test8.jpg;;Test;Indent 8;657cdd6f-3b1b-4211-95cf-e6b348f17525
xk;247.0;393381.0;198121000000000.0;150.0;779372000000000.0;1150594.0;3.0;0.0;Do0.jpg;;Do;Indent 0;657cdd6f-3b1b-4211-95cf-e6b348f17525
xok;205.0;3717135.0;195473000000000.0;164.0;726600000000000.0;136282.0;0.0;13.0;Test2.jpg;;Test;Indent 2;d599c8c3-19c9-4a1a-b58b-4cdca90e1242
xok;449.0;3840988.0;192550000000000.0;178.0;739583000000000.0;1385776.0;1.0;4.0;Main0.jpg;;Main;Indent 0;d599c8c3-19c9-4a1a-b58b-4cdca90e1242
xok;304.0;3785002.0;192921000000000.0;1795.0;73020700000000.0;1349783.0;2.0;10.0;Program4.jpg;;Program;Indent 4;d599c8c3-19c9-4a1a-b58b-4cdca90e1242
xok;362.0;394211.0;193950000000000.0;1785.0;764573000000000.0;1278174.0;3.0;3.0;Do8.jpg;;Do;Indent 8;d599c8c3-19c9-4a1a-b58b-4cdca90e1242
yn;624.0;3806038.0;178635000000000.0;135.0;679890000000000.0;1264193.0;0.0;13.0;Test2.jpg;;Test;Indent 2;7567cd4b-d1d0-4784-afea-746593590c8a
yn;445.0;3835149.0;163301000000000.0;142.0;626284000000000.0;1243849.0;1.0;4.0;Main0.jpg;;Main;Indent 0;7567cd4b-d1d0-4784-afea-746593590c8a
yn;654.0;3827673.0;171495000000000.0;136.0;656428000000000.0;1224582.0;2.0;10.0;Program4.jpg;;Program;Indent 4;7567cd4b-d1d0-4784-afea-746593590c8a
yn;470.0;3872743.0;175491000000000.0;149.0;679633000000000.0;122823.0;3.0;3.0;Do8.jpg;;Do;Indent 8;7567cd4b-d1d0-4784-afea-746593590c8a
yvn;315.0;3252889.0;214387000000000.0;157.0;69737800000000.0;124271.0;0.0;2.0;Do4.jpg;;Do;Indent 4;db813ec1-a4b3-459b-8fe5-f7922f07c48a
yvn;923.0;3284651.0;212106000000000.0;151.0;696695000000000.0;1140512.0;1.0;11.0;Program8.jpg;;Program;Indent 8;db813ec1-a4b3-459b-8fe5-f7922f07c48a
yvn;233.0;273192.0;1611330000000.0;120.0;440203000000000.0;16512.0;2.0;12.0;Test0.jpg;;Test;Indent 0;db813ec1-a4b3-459b-8fe5-f7922f07c48a
yvn;533.0;3482067.0;172527000000000.0;135.0;600751000000000.0;1260134.0;3.0;5.0;Main2.jpg;;Main;Indent 2;db813ec1-a4b3-459b-8fe5-f7922f07c48a
zk;317.0;3183242.0;229136000000000.0;163.0;729394000000000.0;1556917.0;0.0;9.0;Program2.jpg;;Program;Indent 2;79b33ae4-e339-4191-af55-ddbcc2be341a
zk;294.0;3579211.0;180905000000000.0;149.0;647496000000000.0;1752836.0;1.0;7.0;Main8.jpg;;Main;Indent 8;79b33ae4-e339-4191-af55-ddbcc2be341a
zk;197.0;2771564.0;194888000000000.0;163.0;540145000000000.0;144681.0;2.0;2.0;Do4.jpg;;Do;Indent 4;79b33ae4-e339-4191-af55-ddbcc2be341a
zk;93.0;1252559.0;165667000000000.0;119.0;207507000000000.0;2299629.0;3.0;12.0;Test0.jpg;;Test;Indent 0;79b33ae4-e339-4191-af55-ddbcc2be341a
zyk;91.0;7766758.0;187396000000000.0;163.0;145546000000000.0;1481746.0;0.0;13.0;Test2.jpg;;Test;Indent 2;ddeea276-af9c-4fd7-8222-a502765ea86b
zyk;0.0;1;1;1;1;1;1.0;4.0;Main0.jpg;;Main;Indent 0;ddeea276-af9c-4fd7-8222-a502765ea86b
zyk;3.0;2535004.0;165.0;182.0;418276000000000.0;2427539.0;2.0;10.0;Program4.jpg;;Program;Indent 4;ddeea276-af9c-4fd7-8222-a502765ea86b
zyk;0.0;1;1;1;1;1;3.0;3.0;Do8.jpg;;Do;Indent 8;ddeea276-af9c-4fd7-8222-a502765ea86b
